id,rxcui,rxnorm_name,has_raw_response,raw_response_size_bytes,raw_response_top_level_keys
1,1191,aspirin,True,7443,"label,status"
2,161,acetaminophen,True,5715,"id,set_id,openfda,purpose,version,stop_use,warnings,questions,ask_doctor,do_not_use,effective_time,active_ingredient,inactive_ingredient,storage_and_handling,indications_and_usage,ask_doctor_or_pharmacist,dosage_and_administration,spl_product_data_elements,pregnancy_or_breast_feeding,keep_out_of_reach_of_children,package_label_principal_display_panel"
3,2670,codeine,True,161911,"id,abuse,set_id,openfda,version,pregnancy,dependence,overdosage,description,how_supplied,spl_medguide,boxed_warning,geriatric_use,pediatric_use,effective_time,pharmacodynamics,pharmacokinetics,adverse_reactions,contraindications,drug_interactions,spl_medguide_table,mechanism_of_action,controlled_substance,recent_major_changes,clinical_pharmacology,indications_and_usage,warnings_and_cautions,nonclinical_toxicology,drug_interactions_table,information_for_patients,dosage_and_administration,drug_abuse_and_dependence,spl_product_data_elements,dosage_forms_and_strengths,recent_major_changes_table,use_in_specific_populations,package_label_principal_display_panel,carcinogenesis_and_mutagenesis_and_impairment_of_fertility"
4,704,amitriptyline,True,54581,"id,set_id,openfda,version,warnings,overdosage,references,description,precautions,how_supplied,spl_medguide,boxed_warning,geriatric_use,pediatric_use,effective_time,warnings_table,nursing_mothers,adverse_reactions,contraindications,drug_interactions,clinical_pharmacology,indications_and_usage,information_for_patients,spl_unclassified_section,dosage_and_administration,spl_product_data_elements,package_label_principal_display_panel"
5,3322,diazepam,True,92342,"id,abuse,risks,set_id,openfda,version,warnings,pregnancy,dependence,overdosage,description,precautions,how_supplied,spl_medguide,boxed_warning,geriatric_use,pediatric_use,effective_time,nursing_mothers,pharmacokinetics,adverse_reactions,contraindications,drug_interactions,spl_medguide_table,general_precautions,controlled_substance,clinical_pharmacology,indications_and_usage,information_for_patients,dosage_and_administration,drug_abuse_and_dependence,spl_product_data_elements,dosage_and_administration_table,package_label_principal_display_panel,carcinogenesis_and_mutagenesis_and_impairment_of_fertility"
6,6468,loperamide,True,6752,"id,set_id,openfda,purpose,version,stop_use,warnings,questions,ask_doctor,do_not_use,when_using,effective_time,active_ingredient,inactive_ingredient,storage_and_handling,indications_and_usage,ask_doctor_or_pharmacist,dosage_and_administration,spl_product_data_elements,pregnancy_or_breast_feeding,keep_out_of_reach_of_children,dosage_and_administration_table,package_label_principal_display_panel"
7,6915,metoclopramide,True,57154,"id,set_id,openfda,version,warnings,overdosage,description,precautions,how_supplied,spl_medguide,boxed_warning,geriatric_use,pediatric_use,effective_time,nursing_mothers,pharmacokinetics,adverse_reactions,contraindications,drug_interactions,general_precautions,storage_and_handling,clinical_pharmacology,indications_and_usage,pharmacokinetics_table,information_for_patients,spl_unclassified_section,dosage_and_administration,spl_product_data_elements,clinical_pharmacology_table,package_label_principal_display_panel,carcinogenesis_and_mutagenesis_and_impairment_of_fertility"
8,26225,ondansetron,True,78574,"id,set_id,openfda,version,pregnancy,overdosage,description,how_supplied,geriatric_use,pediatric_use,effective_time,clinical_studies,pharmacodynamics,pharmacokinetics,adverse_reactions,contraindications,drug_interactions,labor_and_delivery,mechanism_of_action,recent_major_changes,clinical_pharmacology,indications_and_usage,warnings_and_cautions,clinical_studies_table,nonclinical_toxicology,pharmacokinetics_table,adverse_reactions_table,information_for_patients,dosage_and_administration,drug_abuse_and_dependence,spl_product_data_elements,dosage_forms_and_strengths,clinical_pharmacology_table,use_in_specific_populations,dosage_and_administration_table,package_label_principal_display_panel,carcinogenesis_and_mutagenesis_and_impairment_of_fertility"
9,4493,fluoxetine,True,205263,"id,set_id,openfda,version,pregnancy,dependence,overdosage,description,how_supplied,spl_medguide,boxed_warning,geriatric_use,pediatric_use,effective_time,nursing_mothers,clinical_studies,pharmacodynamics,pharmacokinetics,adverse_reactions,contraindications,drug_interactions,labor_and_delivery,mechanism_of_action,recent_major_changes,clinical_pharmacology,indications_and_usage,warnings_and_cautions,clinical_studies_table,nonclinical_toxicology,adverse_reactions_table,information_for_patients,dosage_and_administration,drug_abuse_and_dependence,spl_product_data_elements,dosage_forms_and_strengths,use_in_specific_populations,warnings_and_cautions_table,dosage_and_administration_table,animal_pharmacology_and_or_toxicology,package_label_principal_display_panel,carcinogenesis_and_mutagenesis_and_impairment_of_fertility"
10,3264,dexamethasone,True,47309,"id,set_id,openfda,version,warnings,pregnancy,description,precautions,how_supplied,geriatric_use,pediatric_use,effective_time,nursing_mothers,adverse_reactions,contraindications,drug_interactions,general_precautions,inactive_ingredient,clinical_pharmacology,indications_and_usage,safe_handling_warning,information_for_patients,spl_unclassified_section,dosage_and_administration,spl_product_data_elements,package_label_principal_display_panel,carcinogenesis_and_mutagenesis_and_impairment_of_fertility"
11,28889,loratadine,True,4632,"id,set_id,openfda,purpose,version,stop_use,warnings,questions,ask_doctor,do_not_use,when_using,effective_time,active_ingredient,inactive_ingredient,storage_and_handling,indications_and_usage,dosage_and_administration,spl_product_data_elements,pregnancy_or_breast_feeding,keep_out_of_reach_of_children,dosage_and_administration_table,package_label_principal_display_panel"
12,8638,prednisolone,True,14713,"id,set_id,openfda,version,warnings,pregnancy,overdosage,description,precautions,how_supplied,geriatric_use,pediatric_use,effective_time,nursing_mothers,adverse_reactions,contraindications,general_precautions,clinical_pharmacology,indications_and_usage,information_for_patients,dosage_and_administration,spl_product_data_elements,package_label_principal_display_panel,carcinogenesis_and_mutagenesis_and_impairment_of_fertility"
13,2002,carbamazepine,True,83331,"id,set_id,openfda,version,overdosage,description,how_supplied,spl_medguide,boxed_warning,effective_time,pharmacokinetics,adverse_reactions,contraindications,drug_interactions,mechanism_of_action,clinical_pharmacology,indications_and_usage,warnings_and_cautions,dosage_and_administration,drug_abuse_and_dependence,spl_product_data_elements,dosage_forms_and_strengths,warnings_and_cautions_table,dosage_and_administration_table,package_label_principal_display_panel"
14,28439,lamotrigine,True,338955,"id,set_id,openfda,version,pregnancy,overdosage,description,how_supplied,spl_medguide,boxed_warning,geriatric_use,pediatric_use,effective_time,clinical_studies,pharmacodynamics,pharmacokinetics,adverse_reactions,contraindications,drug_interactions,labor_and_delivery,spl_medguide_table,mechanism_of_action,recent_major_changes,clinical_pharmacology,indications_and_usage,warnings_and_cautions,nonclinical_toxicology,pharmacokinetics_table,adverse_reactions_table,drug_interactions_table,information_for_patients,spl_unclassified_section,dosage_and_administration,spl_product_data_elements,dosage_forms_and_strengths,clinical_pharmacology_table,use_in_specific_populations,warnings_and_cautions_table,dosage_and_administration_table,package_label_principal_display_panel"
15,114477,levetiracetam,True,164576,"id,set_id,openfda,version,pregnancy,overdosage,description,how_supplied,spl_medguide,geriatric_use,pediatric_use,effective_time,clinical_studies,pharmacodynamics,pharmacokinetics,adverse_reactions,contraindications,labor_and_delivery,spl_medguide_table,mechanism_of_action,recent_major_changes,clinical_pharmacology,indications_and_usage,warnings_and_cautions,clinical_studies_table,nonclinical_toxicology,adverse_reactions_table,information_for_patients,dosage_and_administration,spl_product_data_elements,dosage_forms_and_strengths,use_in_specific_populations,warnings_and_cautions_table,dosage_and_administration_table,package_label_principal_display_panel,carcinogenesis_and_mutagenesis_and_impairment_of_fertility"
16,6470,lorazepam,True,69195,"id,abuse,set_id,openfda,version,warnings,pregnancy,dependence,overdosage,description,precautions,how_supplied,spl_medguide,boxed_warning,geriatric_use,effective_time,nursing_mothers,laboratory_tests,adverse_reactions,contraindications,drug_interactions,spl_medguide_table,controlled_substance,clinical_pharmacology,indications_and_usage,information_for_patients,dosage_and_administration,drug_abuse_and_dependence,spl_product_data_elements,package_label_principal_display_panel,carcinogenesis_and_mutagenesis_and_impairment_of_fertility"
17,8134,phenobarbital,True,51813,"id,set_id,openfda,version,warnings,pregnancy,dependence,overdosage,description,precautions,how_supplied,pediatric_use,effective_time,nursing_mothers,laboratory_tests,pharmacokinetics,adverse_reactions,contraindications,drug_interactions,labor_and_delivery,general_precautions,teratogenic_effects,controlled_substance,storage_and_handling,clinical_pharmacology,indications_and_usage,nonteratogenic_effects,information_for_patients,spl_unclassified_section,dosage_and_administration,drug_abuse_and_dependence,spl_product_data_elements,animal_pharmacology_and_or_toxicology,package_label_principal_display_panel,carcinogenesis_and_mutagenesis_and_impairment_of_fertility"
18,11170,verapamil,True,52575,"id,set_id,openfda,version,warnings,pregnancy,overdosage,description,precautions,how_supplied,pediatric_use,effective_time,nursing_mothers,adverse_reactions,contraindications,drug_interactions,labor_and_delivery,general_precautions,clinical_pharmacology,indications_and_usage,adverse_reactions_table,dosage_and_administration,spl_product_data_elements,animal_pharmacology_and_or_toxicology,package_label_principal_display_panel,carcinogenesis_and_mutagenesis_and_impairment_of_fertility"
19,723,amoxicillin,True,71799,"label,status"
20,733,ampicillin,True,62268,"id,set_id,openfda,version,warnings,pregnancy,overdosage,description,precautions,how_supplied,microbiology,pediatric_use,effective_time,nursing_mothers,clinical_studies,adverse_reactions,contraindications,drug_interactions,how_supplied_table,labor_and_delivery,general_precautions,storage_and_handling,clinical_pharmacology,indications_and_usage,clinical_studies_table,information_for_patients,spl_unclassified_section,dosage_and_administration,spl_product_data_elements,clinical_pharmacology_table,spl_unclassified_section_table,dosage_and_administration_table,package_label_principal_display_panel,drug_and_or_laboratory_test_interactions,carcinogenesis_and_mutagenesis_and_impairment_of_fertility"
21,2231,cephalexin,True,32802,"id,set_id,openfda,version,pregnancy,overdosage,description,how_supplied,geriatric_use,pediatric_use,effective_time,pharmacokinetics,adverse_reactions,contraindications,drug_interactions,labor_and_delivery,mechanism_of_action,clinical_pharmacology,indications_and_usage,warnings_and_cautions,nonclinical_toxicology,information_for_patients,dosage_and_administration,spl_product_data_elements,dosage_forms_and_strengths,use_in_specific_populations,dosage_and_administration_table,package_label_principal_display_panel,carcinogenesis_and_mutagenesis_and_impairment_of_fertility"
22,25033,cefixime,True,69460,"id,set_id,openfda,version,pregnancy,overdosage,references,description,how_supplied,geriatric_use,pediatric_use,effective_time,clinical_studies,pharmacokinetics,adverse_reactions,contraindications,drug_interactions,labor_and_delivery,mechanism_of_action,clinical_pharmacology,indications_and_usage,warnings_and_cautions,clinical_studies_table,nonclinical_toxicology,pharmacokinetics_table,information_for_patients,dosage_and_administration,spl_product_data_elements,dosage_forms_and_strengths,clinical_pharmacology_table,use_in_specific_populations,dosage_and_administration_table,package_label_principal_display_panel,carcinogenesis_and_mutagenesis_and_impairment_of_fertility"
23,2551,ciprofloxacin,True,22098,"id,set_id,openfda,version,overdosage,description,precautions,how_supplied,geriatric_use,pediatric_use,effective_time,nursing_mothers,adverse_reactions,contraindications,drug_interactions,clinical_pharmacology,indications_and_usage,warnings_and_cautions,information_for_patients,dosage_and_administration,spl_product_data_elements,package_label_principal_display_panel"
24,21212,clarithromycin,True,241400,"id,set_id,openfda,version,pregnancy,overdosage,references,description,how_supplied,microbiology,geriatric_use,pediatric_use,effective_time,clinical_studies,pharmacokinetics,adverse_reactions,contraindications,drug_interactions,mechanism_of_action,recent_major_changes,clinical_pharmacology,indications_and_usage,warnings_and_cautions,clinical_studies_table,nonclinical_toxicology,pharmacokinetics_table,adverse_reactions_table,drug_interactions_table,information_for_patients,dosage_and_administration,spl_product_data_elements,dosage_forms_and_strengths,recent_major_changes_table,clinical_pharmacology_table,use_in_specific_populations,dosage_and_administration_table,animal_pharmacology_and_or_toxicology,package_label_principal_display_panel,carcinogenesis_and_mutagenesis_and_impairment_of_fertility"
25,3640,doxycycline,True,37675,"id,set_id,openfda,version,warnings,pregnancy,overdosage,references,description,precautions,how_supplied,pediatric_use,effective_time,nursing_mothers,adverse_reactions,contraindications,drug_interactions,general_precautions,clinical_pharmacology,indications_and_usage,dosage_and_administration,spl_product_data_elements,animal_pharmacology_and_or_toxicology,package_label_principal_display_panel,carcinogenesis_and_mutagenesis_and_impairment_of_fertility"
26,4053,erythromycin,True,12064,"id,set_id,openfda,version,warnings,pregnancy,description,precautions,how_supplied,microbiology,pediatric_use,effective_time,nursing_mothers,adverse_reactions,contraindications,general_precautions,teratogenic_effects,storage_and_handling,clinical_pharmacology,indications_and_usage,information_for_patients,spl_unclassified_section,dosage_and_administration,spl_product_data_elements,package_label_principal_display_panel,carcinogenesis_and_mutagenesis_and_impairment_of_fertility"
27,18631,azithromycin,True,187315,"id,set_id,openfda,version,pregnancy,overdosage,description,how_supplied,geriatric_use,pediatric_use,effective_time,clinical_studies,pharmacodynamics,pharmacokinetics,adverse_reactions,contraindications,drug_interactions,labor_and_delivery,mechanism_of_action,recent_major_changes,clinical_pharmacology,indications_and_usage,warnings_and_cautions,clinical_studies_table,nonclinical_toxicology,pharmacokinetics_table,adverse_reactions_table,information_for_patients,dosage_and_administration,spl_product_data_elements,dosage_forms_and_strengths,spl_patient_package_insert,clinical_pharmacology_table,use_in_specific_populations,dosage_and_administration_table,animal_pharmacology_and_or_toxicology,package_label_principal_display_panel,carcinogenesis_and_mutagenesis_and_impairment_of_fertility"
28,6922,metronidazole,True,46461,"id,set_id,openfda,version,warnings,pregnancy,overdosage,description,precautions,how_supplied,microbiology,boxed_warning,geriatric_use,pediatric_use,effective_time,nursing_mothers,adverse_reactions,contraindications,drug_interactions,clinical_pharmacology,indications_and_usage,information_for_patients,spl_unclassified_section,dosage_and_administration,spl_product_data_elements,package_label_principal_display_panel"
29,7454,nitrofurantoin,True,46950,"id,set_id,openfda,version,pregnancy,overdosage,description,how_supplied,microbiology,pediatric_use,effective_time,pharmacodynamics,pharmacokinetics,adverse_reactions,contraindications,drug_interactions,mechanism_of_action,recent_major_changes,clinical_pharmacology,indications_and_usage,warnings_and_cautions,nonclinical_toxicology,spl_unclassified_section,dosage_and_administration,spl_product_data_elements,dosage_forms_and_strengths,use_in_specific_populations,dosage_and_administration_table,package_label_principal_display_panel,carcinogenesis_and_mutagenesis_and_impairment_of_fertility"
30,10829,trimethoprim,True,73528,"id,set_id,openfda,version,warnings,pregnancy,overdosage,references,description,precautions,how_supplied,geriatric_use,pediatric_use,effective_time,nursing_mothers,laboratory_tests,pharmacokinetics,adverse_reactions,contraindications,drug_interactions,general_precautions,teratogenic_effects,clinical_pharmacology,indications_and_usage,nonteratogenic_effects,information_for_patients,spl_unclassified_section,dosage_and_administration,spl_product_data_elements,clinical_pharmacology_table,dosage_and_administration_table,package_label_principal_display_panel,drug_and_or_laboratory_test_interactions,carcinogenesis_and_mutagenesis_and_impairment_of_fertility"
31,10180,sulfamethoxazole,True,73528,"id,set_id,openfda,version,warnings,pregnancy,overdosage,references,description,precautions,how_supplied,geriatric_use,pediatric_use,effective_time,nursing_mothers,laboratory_tests,pharmacokinetics,adverse_reactions,contraindications,drug_interactions,general_precautions,teratogenic_effects,clinical_pharmacology,indications_and_usage,nonteratogenic_effects,information_for_patients,spl_unclassified_section,dosage_and_administration,spl_product_data_elements,clinical_pharmacology_table,dosage_and_administration_table,package_label_principal_display_panel,drug_and_or_laboratory_test_interactions,carcinogenesis_and_mutagenesis_and_impairment_of_fertility"
32,2582,clindamycin,True,17100,"id,set_id,openfda,version,warnings,pregnancy,overdosage,description,precautions,how_supplied,microbiology,geriatric_use,pediatric_use,effective_time,nursing_mothers,pharmacokinetics,adverse_reactions,contraindications,drug_interactions,general_precautions,mechanism_of_action,clinical_pharmacology,indications_and_usage,adverse_reactions_table,spl_unclassified_section,dosage_and_administration,spl_product_data_elements,package_label_principal_display_panel"
33,4450,fluconazole,True,164490,"id,set_id,openfda,version,warnings,pregnancy,overdosage,description,precautions,how_supplied,geriatric_use,pediatric_use,effective_time,nursing_mothers,clinical_studies,adverse_reactions,contraindications,drug_interactions,general_precautions,teratogenic_effects,clinical_pharmacology,indications_and_usage,clinical_studies_table,adverse_reactions_table,dosage_and_administration,spl_product_data_elements,spl_patient_package_insert,clinical_pharmacology_table,dosage_and_administration_table,spl_patient_package_insert_table,package_label_principal_display_panel,carcinogenesis_and_mutagenesis_and_impairment_of_fertility"
34,2623,clotrimazole,True,3579,"id,set_id,openfda,purpose,version,stop_use,warnings,questions,do_not_use,when_using,effective_time,active_ingredient,inactive_ingredient,storage_and_handling,indications_and_usage,dosage_and_administration,spl_product_data_elements,keep_out_of_reach_of_children,package_label_principal_display_panel"
35,37801,terbinafine,True,52471,"id,set_id,openfda,version,pregnancy,overdosage,description,how_supplied,spl_medguide,geriatric_use,pediatric_use,effective_time,nursing_mothers,clinical_studies,pharmacodynamics,pharmacokinetics,adverse_reactions,contraindications,drug_interactions,mechanism_of_action,clinical_pharmacology,indications_and_usage,warnings_and_cautions,nonclinical_toxicology,adverse_reactions_table,information_for_patients,dosage_and_administration,spl_product_data_elements,dosage_forms_and_strengths,use_in_specific_populations,animal_pharmacology_and_or_toxicology,package_label_principal_display_panel,carcinogenesis_and_mutagenesis_and_impairment_of_fertility"
36,7597,nystatin,True,12594,"id,set_id,openfda,version,pregnancy,description,precautions,how_supplied,microbiology,geriatric_use,pediatric_use,effective_time,nursing_mothers,laboratory_tests,pharmacokinetics,adverse_reactions,contraindications,how_supplied_table,general_precautions,teratogenic_effects,storage_and_handling,clinical_pharmacology,indications_and_usage,information_for_patients,spl_unclassified_section,dosage_and_administration,spl_product_data_elements,package_label_principal_display_panel,carcinogenesis_and_mutagenesis_and_impairment_of_fertility"
37,281,acyclovir,True,37469,"id,set_id,openfda,version,warnings,pregnancy,overdosage,description,precautions,how_supplied,geriatric_use,pediatric_use,effective_time,nursing_mothers,clinical_studies,pharmacokinetics,adverse_reactions,contraindications,drug_interactions,mechanism_of_action,clinical_pharmacology,indications_and_usage,information_for_patients,spl_unclassified_section,dosage_and_administration,spl_product_data_elements,package_label_principal_display_panel,carcinogenesis_and_mutagenesis_and_impairment_of_fertility"
38,2393,chloroquine,True,39278,"id,set_id,openfda,version,warnings,overdosage,references,description,precautions,how_supplied,microbiology,effective_time,adverse_reactions,contraindications,mechanism_of_action,clinical_pharmacology,indications_and_usage,dosage_and_administration,spl_product_data_elements,package_label_principal_display_panel"
39,4511,folic acid,True,21295,"id,set_id,openfda,version,pregnancy,overdosage,description,how_supplied,geriatric_use,pediatric_use,effective_time,clinical_studies,adverse_reactions,contraindications,clinical_pharmacology,indications_and_usage,warnings_and_cautions,dosage_and_administration,spl_product_data_elements,package_label_principal_display_panel"
40,11289,warfarin,True,130328,"id,set_id,openfda,version,pregnancy,overdosage,references,description,how_supplied,spl_medguide,boxed_warning,geriatric_use,pediatric_use,effective_time,clinical_studies,pharmacodynamics,pharmacokinetics,adverse_reactions,contraindications,drug_interactions,spl_medguide_table,mechanism_of_action,clinical_pharmacology,indications_and_usage,warnings_and_cautions,clinical_studies_table,nonclinical_toxicology,drug_interactions_table,information_for_patients,dosage_and_administration,spl_product_data_elements,dosage_forms_and_strengths,use_in_specific_populations,dosage_and_administration_table,package_label_principal_display_panel,carcinogenesis_and_mutagenesis_and_impairment_of_fertility"
41,10691,tranexamic acid,True,38351,"id,set_id,openfda,version,pregnancy,overdosage,description,how_supplied,geriatric_use,pediatric_use,effective_time,pharmacodynamics,pharmacokinetics,adverse_reactions,contraindications,description_table,drug_interactions,how_supplied_table,mechanism_of_action,storage_and_handling,clinical_pharmacology,indications_and_usage,warnings_and_cautions,nonclinical_toxicology,information_for_patients,dosage_and_administration,spl_product_data_elements,dosage_forms_and_strengths,use_in_specific_populations,dosage_and_administration_table,animal_pharmacology_and_or_toxicology,package_label_principal_display_panel,carcinogenesis_and_mutagenesis_and_impairment_of_fertility"
42,19484,bisoprolol,True,50742,"label,status"
43,17767,amlodipine,True,71469,"id,set_id,openfda,version,pregnancy,overdosage,description,how_supplied,geriatric_use,pediatric_use,effective_time,clinical_studies,pharmacodynamics,adverse_reactions,contraindications,drug_interactions,mechanism_of_action,clinical_pharmacology,indications_and_usage,warnings_and_cautions,clinical_studies_table,nonclinical_toxicology,adverse_reactions_table,dosage_and_administration,spl_product_data_elements,dosage_forms_and_strengths,spl_patient_package_insert,use_in_specific_populations,package_label_principal_display_panel,carcinogenesis_and_mutagenesis_and_impairment_of_fertility"
44,3827,enalapril,True,87845,"id,set_id,openfda,version,warnings,pregnancy,overdosage,description,precautions,how_supplied,boxed_warning,pediatric_use,effective_time,nursing_mothers,pharmacodynamics,pharmacokinetics,adverse_reactions,contraindications,drug_interactions,general_precautions,mechanism_of_action,storage_and_handling,clinical_pharmacology,indications_and_usage,pharmacodynamics_table,adverse_reactions_table,information_for_patients,spl_unclassified_section,dosage_and_administration,spl_product_data_elements,clinical_pharmacology_table,dosage_and_administration_table,package_label_principal_display_panel,carcinogenesis_and_mutagenesis_and_impairment_of_fertility"
45,644,amiloride,True,32519,"id,set_id,openfda,version,warnings,pregnancy,overdosage,description,precautions,how_supplied,boxed_warning,geriatric_use,pediatric_use,effective_time,nursing_mothers,adverse_reactions,contraindications,drug_interactions,general_precautions,storage_and_handling,clinical_pharmacology,indications_and_usage,adverse_reactions_table,spl_unclassified_section,dosage_and_administration,spl_product_data_elements,package_label_principal_display_panel,carcinogenesis_and_mutagenesis_and_impairment_of_fertility"
46,5487,hydrochlorothiazide,True,94014,"id,set_id,openfda,version,warnings,overdosage,description,precautions,how_supplied,boxed_warning,geriatric_use,pediatric_use,effective_time,nursing_mothers,pharmacodynamics,pharmacokinetics,adverse_reactions,contraindications,drug_interactions,general_precautions,mechanism_of_action,clinical_pharmacology,indications_and_usage,adverse_reactions_table,information_for_patients,spl_unclassified_section,dosage_and_administration,spl_product_data_elements,package_label_principal_display_panel,carcinogenesis_and_mutagenesis_and_impairment_of_fertility"
47,52175,losartan,True,125982,"id,set_id,openfda,version,pregnancy,overdosage,description,how_supplied,boxed_warning,geriatric_use,pediatric_use,effective_time,clinical_studies,pharmacodynamics,pharmacokinetics,adverse_reactions,contraindications,drug_interactions,mechanism_of_action,clinical_pharmacology,indications_and_usage,warnings_and_cautions,clinical_studies_table,nonclinical_toxicology,pharmacokinetics_table,adverse_reactions_table,information_for_patients,dosage_and_administration,spl_product_data_elements,dosage_forms_and_strengths,spl_patient_package_insert,clinical_pharmacology_table,use_in_specific_populations,package_label_principal_display_panel"
48,4603,furosemide,True,48395,"id,set_id,openfda,version,warnings,pregnancy,overdosage,description,precautions,how_supplied,geriatric_use,pediatric_use,effective_time,nursing_mothers,laboratory_tests,adverse_reactions,contraindications,drug_interactions,general_precautions,teratogenic_effects,storage_and_handling,clinical_pharmacology,indications_and_usage,information_for_patients,spl_unclassified_section,dosage_and_administration,spl_product_data_elements,package_label_principal_display_panel,carcinogenesis_and_mutagenesis_and_impairment_of_fertility"
49,9997,spironolactone,True,47832,"id,set_id,openfda,version,pregnancy,overdosage,description,how_supplied,geriatric_use,pediatric_use,effective_time,clinical_studies,pharmacodynamics,pharmacokinetics,adverse_reactions,contraindications,drug_interactions,mechanism_of_action,clinical_pharmacology,indications_and_usage,warnings_and_cautions,nonclinical_toxicology,information_for_patients,dosage_and_administration,spl_product_data_elements,dosage_forms_and_strengths,use_in_specific_populations,package_label_principal_display_panel,carcinogenesis_and_mutagenesis_and_impairment_of_fertility"
50,3407,digoxin,True,91475,"id,set_id,openfda,version,overdosage,description,how_supplied,effective_time,clinical_studies,adverse_reactions,contraindications,drug_interactions,clinical_pharmacology,indications_and_usage,warnings_and_cautions,nonclinical_toxicology,drug_interactions_table,information_for_patients,dosage_and_administration,spl_product_data_elements,dosage_forms_and_strengths,clinical_pharmacology_table,use_in_specific_populations,dosage_and_administration_table,package_label_principal_display_panel"
51,703,amiodarone,True,91557,"id,set_id,openfda,version,pregnancy,overdosage,description,how_supplied,spl_medguide,boxed_warning,geriatric_use,pediatric_use,effective_time,pharmacodynamics,pharmacokinetics,adverse_reactions,contraindications,drug_interactions,spl_medguide_table,mechanism_of_action,storage_and_handling,clinical_pharmacology,indications_and_usage,warnings_and_cautions,nonclinical_toxicology,drug_interactions_table,information_for_patients,spl_unclassified_section,dosage_and_administration,spl_product_data_elements,dosage_forms_and_strengths,use_in_specific_populations,spl_unclassified_section_table,package_label_principal_display_panel,carcinogenesis_and_mutagenesis_and_impairment_of_fertility"
52,32968,clopidogrel,True,90068,"id,set_id,openfda,version,pregnancy,overdosage,description,how_supplied,spl_medguide,boxed_warning,geriatric_use,pediatric_use,effective_time,clinical_studies,pharmacodynamics,pharmacokinetics,adverse_reactions,contraindications,drug_interactions,labor_and_delivery,mechanism_of_action,clinical_pharmacology,indications_and_usage,warnings_and_cautions,clinical_studies_table,nonclinical_toxicology,adverse_reactions_table,information_for_patients,dosage_and_administration,spl_product_data_elements,dosage_forms_and_strengths,clinical_pharmacology_table,use_in_specific_populations,package_label_principal_display_panel,carcinogenesis_and_mutagenesis_and_impairment_of_fertility"
53,36567,simvastatin,True,158497,"id,set_id,openfda,version,pregnancy,overdosage,description,how_supplied,geriatric_use,effective_time,clinical_studies,pharmacodynamics,pharmacokinetics,adverse_reactions,contraindications,drug_interactions,mechanism_of_action,clinical_pharmacology,indications_and_usage,warnings_and_cautions,clinical_studies_table,nonclinical_toxicology,pharmacokinetics_table,adverse_reactions_table,drug_interactions_table,information_for_patients,dosage_and_administration,spl_product_data_elements,dosage_forms_and_strengths,spl_patient_package_insert,clinical_pharmacology_table,use_in_specific_populations,package_label_principal_display_panel,carcinogenesis_and_mutagenesis_and_impairment_of_fertility"
54,7646,omeprazole,True,6427,"id,set_id,openfda,purpose,version,stop_use,warnings,questions,ask_doctor,do_not_use,effective_time,active_ingredient,inactive_ingredient,storage_and_handling,indications_and_usage,ask_doctor_or_pharmacist,dosage_and_administration,spl_product_data_elements,pregnancy_or_breast_feeding,keep_out_of_reach_of_children,package_label_principal_display_panel"
55,9143,ranitidine,True,6111,"id,set_id,openfda,purpose,version,stop_use,warnings,questions,ask_doctor,do_not_use,effective_time,active_ingredient,inactive_ingredient,indications_and_usage,spl_unclassified_section,dosage_and_administration,spl_product_data_elements,pregnancy_or_breast_feeding,keep_out_of_reach_of_children,package_label_principal_display_panel"
56,6809,metformin,True,251259,"label,status"
57,4816,gliclazide,False,,
58,61381,olanzapine,True,284115,"id,set_id,openfda,version,pregnancy,dependence,overdosage,description,how_supplied,spl_medguide,boxed_warning,geriatric_use,pediatric_use,effective_time,nursing_mothers,clinical_studies,laboratory_tests,pharmacodynamics,pharmacokinetics,adverse_reactions,contraindications,drug_interactions,labor_and_delivery,mechanism_of_action,teratogenic_effects,recent_major_changes,storage_and_handling,clinical_pharmacology,indications_and_usage,warnings_and_cautions,nonclinical_toxicology,adverse_reactions_table,information_for_patients,spl_unclassified_section,dosage_and_administration,drug_abuse_and_dependence,spl_product_data_elements,dosage_forms_and_strengths,recent_major_changes_table,use_in_specific_populations,warnings_and_cautions_table,spl_unclassified_section_table,dosage_and_administration_table,animal_pharmacology_and_or_toxicology,package_label_principal_display_panel,carcinogenesis_and_mutagenesis_and_impairment_of_fertility"
59,35636,risperidone,True,242780,"id,abuse,set_id,openfda,version,pregnancy,dependence,overdosage,description,how_supplied,boxed_warning,geriatric_use,pediatric_use,effective_time,nursing_mothers,clinical_studies,pharmacodynamics,pharmacokinetics,adverse_reactions,contraindications,drug_interactions,labor_and_delivery,mechanism_of_action,controlled_substance,recent_major_changes,clinical_pharmacology,indications_and_usage,warnings_and_cautions,nonclinical_toxicology,adverse_reactions_table,information_for_patients,dosage_and_administration,drug_abuse_and_dependence,spl_product_data_elements,dosage_forms_and_strengths,use_in_specific_populations,warnings_and_cautions_table,nonclinical_toxicology_table,dosage_and_administration_table,package_label_principal_display_panel,carcinogenesis_and_mutagenesis_and_impairment_of_fertility,carcinogenesis_and_mutagenesis_and_impairment_of_fertility_table"
60,42351,lithium carbonate,True,100719,"id,set_id,openfda,version,pregnancy,overdosage,description,how_supplied,spl_medguide,boxed_warning,geriatric_use,pediatric_use,effective_time,clinical_studies,pharmacokinetics,adverse_reactions,contraindications,drug_interactions,spl_medguide_table,mechanism_of_action,clinical_pharmacology,indications_and_usage,warnings_and_cautions,clinical_studies_table,nonclinical_toxicology,adverse_reactions_table,drug_interactions_table,information_for_patients,dosage_and_administration,spl_product_data_elements,dosage_forms_and_strengths,use_in_specific_populations,dosage_and_administration_table,package_label_principal_display_panel,carcinogenesis_and_mutagenesis_and_impairment_of_fertility"
61,435,albuterol,True,111117,"id,set_id,openfda,version,pregnancy,overdosage,description,how_supplied,geriatric_use,pediatric_use,effective_time,clinical_studies,adverse_reactions,contraindications,drug_interactions,mechanism_of_action,pediatric_use_table,clinical_pharmacology,indications_and_usage,warnings_and_cautions,nonclinical_toxicology,adverse_reactions_table,information_for_patients,dosage_and_administration,spl_product_data_elements,dosage_forms_and_strengths,spl_patient_package_insert,use_in_specific_populations,spl_patient_package_insert_table,use_in_specific_populations_table,animal_pharmacology_and_or_toxicology,package_label_principal_display_panel,carcinogenesis_and_mutagenesis_and_impairment_of_fertility"
62,7213,ipratropium,True,34355,"id,set_id,openfda,version,effective_time,information_for_patients,spl_unclassified_section,spl_product_data_elements,spl_unclassified_section_table,package_label_principal_display_panel"
63,1151,ascorbic acid,True,8877,"id,set_id,openfda,version,warnings,references,precautions,effective_time,adverse_reactions,clinical_pharmacology,indications_and_usage,spl_unclassified_section,dosage_and_administration,spl_product_data_elements,spl_unclassified_section_table,package_label_principal_display_panel"
64,684879,pyridoxine,True,6479,"id,set_id,openfda,version,description,precautions,how_supplied,boxed_warning,effective_time,adverse_reactions,contraindications,inactive_ingredient,indications_and_usage,spl_unclassified_section,dosage_and_administration,spl_product_data_elements,package_label_principal_display_panel"
65,519,allopurinol,True,71468,"id,set_id,openfda,version,pregnancy,overdosage,references,description,how_supplied,boxed_warning,geriatric_use,pediatric_use,effective_time,nursing_mothers,clinical_studies,pharmacodynamics,pharmacokinetics,adverse_reactions,contraindications,drug_interactions,labor_and_delivery,mechanism_of_action,recent_major_changes,clinical_pharmacology,indications_and_usage,warnings_and_cautions,nonclinical_toxicology,drug_interactions_table,information_for_patients,dosage_and_administration,drug_abuse_and_dependence,spl_product_data_elements,dosage_forms_and_strengths,use_in_specific_populations,dosage_and_administration_table,animal_pharmacology_and_or_toxicology,package_label_principal_display_panel,carcinogenesis_and_mutagenesis_and_impairment_of_fertility"
66,5521,hydroxychloroquine,True,53333,"id,set_id,openfda,version,pregnancy,overdosage,references,description,how_supplied,microbiology,geriatric_use,pediatric_use,effective_time,pharmacodynamics,pharmacokinetics,adverse_reactions,contraindications,drug_interactions,mechanism_of_action,recent_major_changes,clinical_pharmacology,indications_and_usage,warnings_and_cautions,nonclinical_toxicology,information_for_patients,dosage_and_administration,spl_product_data_elements,dosage_forms_and_strengths,use_in_specific_populations,package_label_principal_display_panel,carcinogenesis_and_mutagenesis_and_impairment_of_fertility"
67,6851,methotrexate,True,95208,"id,set_id,openfda,version,pregnancy,overdosage,references,description,how_supplied,boxed_warning,geriatric_use,pediatric_use,effective_time,pharmacokinetics,adverse_reactions,contraindications,drug_interactions,mechanism_of_action,recent_major_changes,clinical_pharmacology,indications_and_usage,warnings_and_cautions,nonclinical_toxicology,drug_interactions_table,information_for_patients,dosage_and_administration,spl_product_data_elements,dosage_forms_and_strengths,spl_patient_package_insert,use_in_specific_populations,spl_patient_package_insert_table,package_label_principal_display_panel,carcinogenesis_and_mutagenesis_and_impairment_of_fertility"
70,1886,caffeine,True,4030,"id,set_id,openfda,purpose,version,stop_use,warnings,questions,do_not_use,effective_time,active_ingredient,inactive_ingredient,storage_and_handling,indications_and_usage,dosage_and_administration,spl_product_data_elements,pregnancy_or_breast_feeding,keep_out_of_reach_of_children,package_label_principal_display_panel"
